{
  "title": "Have Standing Rock Protesters Been Sprayed with Chemicals From Crop Duster Planes?",
  "subtitle": "A Standing Rock spokesperson denied claims that the government has been dumping chemicals on people protesting the Dakota Access pipeline.",
  "author": "Kim LaCapria",
  "date": "1 December 2016",
  "vclaim_id": "vclaim-sno-are-standing-rock-protesters-being-sprayed-with-chemicals-from-crop-duster-planes",
  "vclaim": "Dakota Access pipeline protesters at Standing Rock have been sprayed with chemicals by crop duster planes."
}