{
  "title": "Did Fauci Compare Research About COVID-19 to That of Chickenpox?",
  "subtitle": "The comparison happened on Facebook and went viral in summer 2020.",
  "author": "Jessica Lee",
  "date": "20 July 2020",
  "vclaim_id": "vclaim-sno-fauci-chickenpox-covid-19",
  "vclaim": "Dr. Anthony Fauci compared emerging research about coronavirus with what the scientific community knows about chickenpox \u2014 as well as other viruses \u2014 and criticized people who were not taking steps to prevent the spread of COVID-19."
}