{
  "title": "Did the King of the Netherlands Tell Donald Trump That The Hague Is Waiting for Him?",
  "subtitle": "A parody account posing as Willem-Alexander of the Netherlands tweeted that the International Court of Justice was waiting for the United States president.",
  "author": "Dan Evon",
  "date": "22 June 2018",
  "vclaim_id": "vclaim-sno-did-king-tell-trump-hague",
  "vclaim": "The king of the Netherlands tweeted that the International Court of Justice in the Hague is ready and waiting for Donald Trump."
}