{
  "title": "Was a Phallus Purposely Added to the Artwork for \u2018The Little Mermaid\u2019 VHS Cover?",
  "subtitle": "Rumor has it a disgruntled Disney artist sought revenge on the company by drawing a castle spire in the shape of a male sex organ.",
  "author": "David Mikkelson",
  "date": "30 November 1998",
  "vclaim_id": "vclaim-sno-phallus-purposely-added-artwork-little-mermaid-vhs-cover",
  "vclaim": "The cover of Disney's \"The Little Mermaid\" home video includes a phallus deliberately drawn by a disgruntled artist."
}