{
  "title": "Did Anthony Kennedy Resign from the Supreme Court to Protect His Son?",
  "subtitle": "The 81-year-old justice's resignation announcement triggered a spate of conspiracy posts focused on his son's connections to Donald Trump and Deutsche Bank.",
  "author": "David Mikkelson",
  "date": "1 July 2018",
  "vclaim_id": "vclaim-sno-anthony-kennedy-resignation-trump",
  "vclaim": "Justice Anthony Kennedy suddenly resigned from the Supreme Court as part of a deal to shield his son from ongoing Russian investigations."
}