{
  "title": "Is the Supreme Court Deciding Whether to Nullify the 2016 Election?",
  "subtitle": "A petition challenging the 2016 U.S. presidential election results has long since died on the vine without being taken up by the Supreme Court.",
  "author": "Kim LaCapria",
  "date": "24 February 2017",
  "vclaim_id": "vclaim-sno-scotus-nullify-the-2016-election",
  "vclaim": "The U.S. Supreme Court is deliberating a petition seeking to overturn the results of the 2016 presidential election due to purported Russian interference."
}