{
  "title": "Fifty Former National Security Officials Disavow Trump in Formal Statement",
  "subtitle": "On 8 August 2016, fifty Republicans who formerly held positions in national security signed an open letter vowing not to vote for Donald Trump.",
  "author": "Kim LaCapria",
  "date": "11 August 2016",
  "vclaim_id": "vclaim-sno-national-security-officials-disavow-trump",
  "vclaim": "Fifty Republican former national security officials issued an open letter affirming they would not vote for Donald Trump and deeming him dangerously unqualified."
}