{
  "title": "Did Brett Kavanaugh Argue That People with Disabilities Could Be Forced to Undergo Elective Surgeries, Including Abortions?",
  "subtitle": "Advocates for the disabled community largely oppose Brett Kavanaugh, President Trump's nominee for the Supreme Court.",
  "author": "Bethania Palma",
  "date": "16 August 2018",
  "vclaim_id": "vclaim-sno-kavanaugh-disabilities-elective-surgeries",
  "vclaim": "U.S. Supreme Court nominee Brett Kavanaugh argued that disabled people could be forced to have elective surgeries, including abortions."
}