{
  "title": "Did Celine Dion Say \u2018I Can\u2019t Even Look at an American Flag\u2019 Because \u2018I Hate This Country?\u2019",
  "subtitle": "A clickbait news web site invented a controversy involving Celine Dion, Loretta Lynn, Cher, and other female musicians.",
  "author": "Dan Evon",
  "date": "7 September 2017",
  "vclaim_id": "vclaim-sno-celine-dion-flag-hate-this-country",
  "vclaim": "Singer Celine Dion said that she can't even look at an American flag because she hates the country."
}