{
  "title": "Did Trump Golf, Hold Rallies After Learning About COVID-19 Threat?",
  "subtitle": "After Sen. Mitch McConnell suggested the government's response to the initial coronavirus outbreak was in part distracted by the president's impeachment, rebuttal memes started flying.",
  "author": "Dan Evon",
  "date": "1 April 2020",
  "vclaim_id": "vclaim-sno-trump-golf-rallies-coronavirus",
  "vclaim": "U.S. President Donald Trump golfed several times and held a number of rallies after learning about the threat of the coronavirus."
}