{
  "title": "Did Tyler Perry Offer Harry and Meghan His Home and Security?",
  "subtitle": "The surprise revelation came during a bombshell interview with Oprah Winfrey.",
  "author": "Bethania Palma",
  "date": "8 March 2021",
  "vclaim_id": "vclaim-sno-tyler-perry-harry-meghan-security",
  "vclaim": "Entertainment mogul Tyler Perry let Prince Harry and Meghan, Duchess of Sussex, stay at his Los Angeles home, and also offered them security after they left the United Kingdom following a rift with the royal family."
}