{
  "title": "Does Getting a Restaurant Logo Tattoo Guarantee Free Meals There for Life?",
  "subtitle": "It's not a judgment call to say that a lifetime supply of free food isn't a good reason to get a tattoo of a restaurant's logo \u2014 it's just that it won't work.",
  "author": "Dan Evon",
  "date": "22 May 2018",
  "vclaim_id": "vclaim-sno-does-restaurant-tattoo-guarantee-food",
  "vclaim": "People who get tattoos of logos from one of a variety of chain restaurants \u2014 such as McDonald's, Taco Bell, and Chipotle \u2014 are guaranteed free food there for life."
}