{
  "title": "Is Healthcare.gov Scheduled for Maintenance During Obamacare Enrollment?",
  "subtitle": "News reports correctly describe the facts surrounding scheduled \"Obamacare\" web site downtime during November and December 2017.",
  "author": "Dan MacGuill",
  "date": "25 September 2017",
  "vclaim_id": "vclaim-sno-healthcare-gov-maintenance",
  "vclaim": "The Department of Health and Human Services has scheduled web site maintenance for Healthcare.gov on most Sundays during Obamacare open enrollment."
}