{
  "title": "Obamacare Architect Jonathan Gruber Hails American \u2018Stupidity\u2019",
  "subtitle": "'Obamacare architect' Jonathan Gruber recently said that Obamacare only passed due to the 'stupidity' of the American voter and a lack of 'transparency,' and video footage of his remarks was deleted f",
  "author": "David Mikkelson",
  "date": "12 November 2014",
  "vclaim_id": "vclaim-sno-obfuscatedcare",
  "vclaim": "Obamacare architect Jonathan Gruber said Obamacare only passed due to the \u201cstupidity\u201d of the American voter and a lack of \u201ctransparency,\u201d and video footage of his remarks was deleted from the Internet in an attempt to hide it."
}