{
  "title": "Did Sean Spicer Say \u2018We\u2019re Absolutely Ready for WWIII\u2019 Under Trump?",
  "subtitle": "A quote supposedly from White House Press Secretary Sean Spicer about the start of World War III originated with a hoax news article.",
  "author": "Dan Evon",
  "date": "",
  "vclaim_id": "vclaim-sno-spicer-trump-ready-wwiii",
  "vclaim": "White House Press Secretary Sean Spicer said that the United States was \"absolutely ready for World War III\" under President Donald Trump's strong leadership."
}