{
  "title": "Harry & David Says Company is \u2018Neutral\u2019 on Racism, Neo-Nazis?",
  "subtitle": "Social media users claimed that representatives told them it the company has no opinion about racism, but the company says otherwise.",
  "author": "Kim LaCapria",
  "date": "7 December 2016",
  "vclaim_id": "vclaim-sno-harry-david-says-company-neutral-racism-neo-nazis",
  "vclaim": "The company Harry & David had no concerns about advertising with Breitbart, saying they were \"neutral\" on issues of racism and anti-Semitism."
}