{
  "title": "Trump\u2019s First Order: Anyone Burning an American Flag to Be Charged with Treason",
  "subtitle": "A disreputable web site published an article falsely claiming that Donald Trump's \"first order\" as President would be to make burning an American flag a treasonous act.",
  "author": "Dan Evon",
  "date": "12 November 2016",
  "vclaim_id": "vclaim-sno-trumps-first-order-flag-burning",
  "vclaim": "Donald Trump announced that his \"first order\" as President would be to make flag burning a treasonous act."
}