{
  "title": "Did a Retired Marine Write an Open Letter to the NFL\u2019s Roger Goodell About Kneeling Football Players?",
  "subtitle": "A letter by Col. Jeffery Powers to the NFL's commissioner about football players kneeling during \"The Star-Spangled Banner\" is genuine.",
  "author": "Dan Evon",
  "date": "25 August 2017",
  "vclaim_id": "vclaim-sno-retired-marine-open-letter-nfl",
  "vclaim": "Retired Marine Col. Jeffery Powers penned an open letter to NFL commissioner Roger Goodell describing how he felt about players kneeling during the national anthem."
}