{
  "title": "Leaked E-mail Shows Clinton Foundation \u2018Collusion\u2019 with TV Host John Oliver",
  "subtitle": "Based on a single leaked e-mail, conspiracy theory web sites concocted an entire story about the Clinton Foundation \"currying favor\" with media personality John Oliver.",
  "author": "David Emery",
  "date": "7 October 2016",
  "vclaim_id": "vclaim-sno-leaked-e-mail-clinton-foundation-john-oliver",
  "vclaim": "A leaked Clinton Foundation e-mail demonstrates collusion between the organization and media personality John Oliver."
}