{
  "title": "No, Gov. DeSantis Didn\u2019t Tell Biden \u2018Go F\u2014 Yourself\u2019",
  "subtitle": "The governor of Florida did express unhappiness over potential COVID-19 travel restrictions, but not in so many words.",
  "author": "Bethania Palma",
  "date": "13 February 2021",
  "vclaim_id": "vclaim-sno-desantis-biden-go-fuck-yourself",
  "vclaim": "Florida Gov. Ron DeSantis reacted to possible COVID-19 travel restrictions by telling U.S. President Joe Biden, \"Go fuck yourself\" during a February 2021 conference call."
}