{
  "title": "Did Roy Moore Author a Textbook That Argued Women Shouldn\u2019t Hold Political Office?",
  "subtitle": "Roy Moore contributed to a study course which argued that women should not hold political office, but he did not personally author the offending chapter.",
  "author": "Dan Evon",
  "date": "4 December 2017",
  "vclaim_id": "vclaim-sno-roy-moore-authored-a-textbook-which-argued-that-women-shouldnt-hold-political-office",
  "vclaim": "Former Alabama judge Roy Moore authored a chapter in a 2011 textbook arguing that women should not hold political office"
}