{
  "title": "Did President Trump Tell Belgium to \u2018Withdraw from the Climate Agreement\u2019?",
  "subtitle": "A Belgian political party lampooned the president's view on climate change using 'deep fake' technology.",
  "author": "Arturo Garcia",
  "date": "21 May 2018",
  "vclaim_id": "vclaim-sno-trump-belgium-climate-agreement",
  "vclaim": "President Donald Trump sent a video message to Belgian citizens criticizing their government for being part of the Paris Climate Change Agreement."
}