{
  "title": "Were Brett Kavanaugh\u2019s Children Escorted from a Senate Hearing Room Because They Were Harassed by Hecklers?",
  "subtitle": "An Internet meme characterized the planned departure of the Supreme Court nominee's daughters from Senate chambers as a reaction to being heckled.",
  "author": "David Emery",
  "date": "6 September 2018",
  "vclaim_id": "vclaim-sno-brett-kavanaughs-children-harassed",
  "vclaim": "Supreme Court nominee Brett Kavanaugh's children were escorted from Senate chambers as a result of being harassed by hecklers during his confirmation hearing."
}