{
  "title": "Can \u201cClean Coal\u201d Actually Reduce Carbon Emissions?",
  "subtitle": "Clean coal is more of an idea than a reality, and many scientists doubt it will ever become an effective countermeasure to the emission of carbon dioxide from fossil fuel combustion.",
  "author": "Alex Kasprak",
  "date": "14 November 2016",
  "vclaim_id": "vclaim-sno-can-clean-coal-actually-reduce-carbon-emissions",
  "vclaim": "\u201cClean coal technology\u201d currently makes coal a clean source of energy and helps to reduce greenhouse gas emissions."
}