{
  "title": "Did Bannon Say He\u2019d Put Fauci\u2019s and FBI Director Wray\u2019s \u2018Heads on Pikes\u2019?",
  "subtitle": "The podcaster and Breitbart executive has been described as a \"Trump loyalist.\"",
  "author": "Madison Dapcevich",
  "date": "6 November 2020",
  "vclaim_id": "vclaim-sno-bannon-fauci-wray-head-pikes",
  "vclaim": "Former U.S. President Donald Trump campaign adviser Steve Bannon called for a \"second term\" to kick off with the firings of NIH Director Dr. Anthony Fauci and FBI Director Christopher Wray, adding that he would put their \"heads on pikes\" as a warning."
}