{
  "title": "Did a Dr. Seuss WWII Political Cartoon Criticize America\u2019s Isolationism?",
  "subtitle": "Theodor Seuss Geisel created a number of biting political\u00a0cartoons during WWII, including one condemning American indifference to the deaths of foreign children.",
  "author": "Snopes Staff",
  "date": "23 November 2015",
  "vclaim_id": "vclaim-sno-dr-seuss-adolf-wolf",
  "vclaim": "A 1940's Dr. Seuss political cartoon criticized Americans for not caring about the deaths of foreign children."
}