{
  "title": "Did a State Democratic Party Logo Once Feature the Slogan \u2018White Supremacy\u2019?",
  "subtitle": "Until 1966, the official logo of the Alabama Democratic Party featured a crowing rooster and a banner reading \"White Supremacy.\"",
  "author": "David Emery",
  "date": "25 September 2017",
  "vclaim_id": "vclaim-sno-dem-party-logo-white-supremacy",
  "vclaim": "The official logo of the Alabama Democratic Party, adopted in 1904 and not replaced until 1966, featured an illustration of a crowing rooster and the slogan \"White Supremacy, For the RIght.\""
}