{
  "title": "Does This Image Show How Four Different Presidents Celebrated the 4th of July?",
  "subtitle": "An image graphic purportedly comparing how Obama, Clinton, Bush and Trump celebrated the 4th of July consists of cherry-picked photographs, none taken on Independence Day.",
  "author": "Dan Evon",
  "date": "9 July 2018",
  "vclaim_id": "vclaim-sno-how-four-presidents-celebrated-4th-of-july",
  "vclaim": "A viral image proves that former presidents Obama, Bush, and Clinton celebrated the 4th of July by visiting U.S. soldiers, while President Trump spent the holiday golfing."
}