{
  "title": "Professor\u2019s Paper",
  "subtitle": "Did a student turn in an old term paper as his own work, only to discover it was written by his professor?",
  "author": "David Mikkelson",
  "date": "28 June 2011",
  "vclaim_id": "vclaim-sno-the-old-man-and-the-c",
  "vclaim": "A student who belongs to a fraternity that keeps a file of members\u2019 papers and exams sifts through the stack and selects a several-year-old term paper to copy and resubmit.  When he gets his paper back from the professor, it includes a grade of \u2018A\u2019 and the prof\u2019s comment, \u201cWhen I wrote this paper as a freshman it only received a \u2018C\u2019, and I always thought it was worth more.\u201d"
}