{
  "title": "Did Trump Say Italy and U.S. Have Been Allies for Thousands of Years?",
  "subtitle": "The phrase \u201cdating back thousands of years\u201d caused many commentators to misunderstand President Donald Trump\u2019s remarks.",
  "author": "Dan MacGuill",
  "date": "21 October 2019",
  "vclaim_id": "vclaim-sno-trump-italy-ally-ancient-times",
  "vclaim": "During an October 2019 press conference, U.S. President Donald Trump claimed the U.S. and Italy had been allies for thousands of years."
}