{
  "title": "Bills Introduced by Republicans While We Were Distracted by the \u2018Russian Spy Drama\u2019",
  "subtitle": "Legislation advanced by the GOP included bills to terminate the EPA, repeal the Affordable Care Act, defund Planned Parenthood, and criminalize certain types of abortion.",
  "author": "David Emery",
  "date": "7 March 2017",
  "vclaim_id": "vclaim-sno-bills-introduced-by-republicans",
  "vclaim": "Legislation introduced by Republicans during President Trump's first two months in office included bills to: terminate the Environmental Protection Agency; redistribute federal school funding via voucher programs; terminate the Dept. of Education; repeal a wildlife protection rule; repeal the Affordable Care Act; defund Planned Parenthood; establish a national right-to-work law; strip federal funds from sanctuary cities; criminalize abortion; and place new sanctions on Iran."
}