{
  "title": "Did Dem Voters Receive \u2018Vote for Trump or Else\u2019 Emails Linked to Overseas Servers?",
  "subtitle": "The 2020 presidential election was rife with misinformation campaigns aimed at increasing voter distrust.",
  "author": "Madison Dapcevich",
  "date": "26 October 2020",
  "vclaim_id": "vclaim-sno-vote-for-trump-or-else",
  "vclaim": "Some registered Democratic Party voters in Alaska and Florida received emails U.S. authorities say were part of a foreign disinformation campaign threatening recipients to \u201cVote for Trump or else!\u201d"
}