{
  "title": "Did Trump Write \u2018Never Admit Defeat\u2019 in \u2018Art of the Deal\u2019?",
  "subtitle": "While President Trump may never admit defeat, he did not write that in \"The Art of the Deal.\"",
  "author": "Dan Evon",
  "date": "10 November 2020",
  "vclaim_id": "vclaim-sno-trump-art-of-the-deal",
  "vclaim": "A passage from chapter 45 of U.S. President Donald Trump's book \"The Art of the Deal\" reads: \"Never admit defeat. You win. If you don't win claim they cheated. They rigged it. They stole it.\""
}