{
  "title": "Did Donald Trump Bankrupt a Golf Course, Leaving Puerto Rico with $33 Million in Debt?",
  "subtitle": "A viral string of tweets got some facts right about a failed business venture involving a Trump company, but it also left out some important context.",
  "author": "Dan MacGuill",
  "date": "27 September 2017",
  "vclaim_id": "vclaim-sno-trump-puerto-rico-golf-course",
  "vclaim": "Donald Trump \"bankrupted\" a golf course in Puerto Rico, leaving taxpayers there on the hook for $33 million worth of debt."
}