{
  "title": "Did Pipe-Bombing Suspect Cesar Sayoc Work at the Same Strip Club as Stormy Daniels, Proving a Hoax Conspiracy?",
  "subtitle": "Conspiracy theorists got the details badly wrong in an attempt to link Sayoc with one of President Donald Trump's chief accusers.",
  "author": "Dan MacGuill",
  "date": "31 October 2018",
  "vclaim_id": "vclaim-sno-cesar-sayoc-stormy-daniels",
  "vclaim": "Cesar Sayoc and Stormy Daniels worked at the same Florida strip club, suggesting or proving their parts in an anti-Trump conspiracy theory."
}