{
  "title": "Did Joe Biden Tell a Racially Mixed Audience that Republicans Would \u2018Put Y\u2019All Back in Chains\u2019?",
  "subtitle": "Biden said he was warning about the impact Republican economic policies would have on middle-class Americans.",
  "author": "David Emery",
  "date": "15 May 2019",
  "vclaim_id": "vclaim-sno-joe-biden-put-yall-back-in-chains",
  "vclaim": "Sen. Joe Biden told an audience which included hundreds of African Americans that Republican economic policies would \"put y'all back in chains.\""
}