{
  "title": "Disabled Student Sidelined During Choir Performance",
  "subtitle": "Photograph shows a student with cerebral palsy who was left alone apart from the rest of the choir during a school performance in which he was supposed to take part.",
  "author": "David Mikkelson",
  "date": "4 April 2012",
  "vclaim_id": "vclaim-sno-alone-in-a-crowd",
  "vclaim": "Photograph shows a student with cerebral palsy who was left alone apart from the rest of the choir during a school performance in which he was supposed to take part."
}