{
  "title": "Michelle Obama Plagiarized Her 2008 DNC Speech from Stephen R. Covey",
  "subtitle": "After Melania Trump was accused of plagiarizing Michelle Obama's 2008 DNC speech, a claim circulated via social media that Obama's speech was plagiarized from author Stephen R. Covey.",
  "author": "David Emery",
  "date": "19 July 2016",
  "vclaim_id": "vclaim-sno-michelle-obama-plagiarized-stephen-r-covey",
  "vclaim": "Michelle Obama plagiarized parts of her 2008 Democratic National Convention speech from 'The 7 Habits of Highly Effective People' author Stephen R. Covey."
}