{
  "title": "Pat Robertson: \u2018Gay People Should Wear Specially-Colored Clothes to Warn Straight People\u2019?",
  "subtitle": "Reports that televangelist Pat Robertson said gay people should wear colors by which heterosexual people might easily identify them are fake news.",
  "author": "Kim LaCapria",
  "date": "4 November 2015",
  "vclaim_id": "vclaim-sno-pat-robertson-gay-colors",
  "vclaim": "Televangelist Pat Robertson said gay people should wear specific colors so they can be easily identified by straight people."
}