{
  "title": "Did the Drug Enforcement Administration Legalize Synthetic Marijuana While Keeping \u2018the Real Thing\u2019 Illegal?",
  "subtitle": "Bioidentical but synthetic THC has been approved for medical use since 1985, but it was only recently approved in a liquid formulation.",
  "author": "Alex Kasprak",
  "date": "30 November 2017",
  "vclaim_id": "vclaim-sno-did-dea-legalize-synthetic-weed",
  "vclaim": "The DEA recently classified synthetic marijuana as a legally-obtainable Schedule II drug while continuing to list plant-based marijuana as a Schedule I drug with \u201cno currently accepted medical use.\u201d"
}