{
  "title": "Is the Trump Administration Price Gouging Puerto Rico Evacuees and Seizing Passports?",
  "subtitle": "The Trump administration did not implement a Department of State policy that was widely rumored as being applicable to Puerto Rican hurricane evacuees.",
  "author": "Kim LaCapria",
  "date": "28 September 2017",
  "vclaim_id": "vclaim-sno-is-the-trump-administration-puerto-rico-evacuees",
  "vclaim": "The Trump administration is making Puerto Ricans sign promissory notes and surrender passports before evacuating them or rendering aid."
}