{
  "title": "Did Floodwaters in Southeast Texas Test Positive for Several Diseases After Harvey?",
  "subtitle": "There is no evidence to support a viral Facebook warning about certain cities, but the public should be very cautious about contact with floodwaters.",
  "author": "Dan MacGuill",
  "date": "13 September 2017",
  "vclaim_id": "vclaim-sno-water-diseases-texas-harvey",
  "vclaim": "Floodwaters in parts of Southeast Texas tested positive for diseases and contaminants including typhoid fever and MRSA in the aftermath of Hurricane Harvey."
}