{
  "title": "Did Newsweek Report That Trump Will Be Impeached and Replaced by Hillary Clinton?",
  "subtitle": "The news magazine offered a law professor's hypothetical musings, not a report about President Trump's being removed and replaced by his opponent.",
  "author": "David Mikkelson",
  "date": "23 January 2018",
  "vclaim_id": "vclaim-sno-newsweek-report-trump-impeachment",
  "vclaim": "Newsweek magazine reported that President Trump would be impeached and replaced by Hillary Clinton."
}