{
  "title": "Did Nancy Pelosi Say the \u2018Plastic Straw Ban Is Important for Gun Control?\u2019",
  "subtitle": "The House Minority Leader did not argue that the plastic straw ban would prevent \"gateway guns\" such as pea shooters and spitballers.",
  "author": "Dan Evon",
  "date": "6 August 2018",
  "vclaim_id": "vclaim-sno-pelosi-plastic-straw-guns",
  "vclaim": "Nancy Pelosi said \"the plastic straw ban is important for gun control. It stops pea shooting and spitballing which are gateway guns.\""
}