{
  "title": "Grandparents to \u2018Get All Their Grandchildren Every Weekend\u2019",
  "subtitle": "Reports that President Obama had passed a law requiring grandparents to \"pick up\" their grandchildren every weekend came from a site that generates user-created hoax news.",
  "author": "Dan Evon",
  "date": "27 October 2016",
  "vclaim_id": "vclaim-sno-grandparents-to-get-all-their-grandchildren-every-weekend",
  "vclaim": "President Obama passed a law requiring grandparents to pick up pick up their grandchildren every weekend."
}