{
  "title": "Did John Wayne Say Native Americans \u2018Selfishly\u2019 Tried to Keep Their Land?",
  "subtitle": "The popular actor supposedly maintained that the taking of land from Native Americans was justifiable because they were 'selfishly trying to keep it for themselves.'",
  "author": "David Mikkelson",
  "date": "29 June 2002",
  "vclaim_id": "vclaim-sno-john-wayne-native-americans",
  "vclaim": "John Wayne once said that the taking of land from Native Americans was justifiable because they were 'selfishly trying to keep it for themselves.'"
}