{
  "title": "Was the \u2018March for Our Lives\u2019 Permit Application Made Months Before the Parkland Shooting?",
  "subtitle": "A viral story based entirely on a misunderstanding falsely insinuates that the Marjory Stoneman Douglas High School shooting was staged.",
  "author": "Bethania Palma",
  "date": "3 April 2018",
  "vclaim_id": "vclaim-sno-march-for-our-lives-permit",
  "vclaim": "The permit for the \"March for Our Lives\" rally was submitted several months before the Valentine's Day school shooting."
}