{
  "title": "Does Cuba Have a Cancer Vaccine That Has Already Cured Thousands?",
  "subtitle": "While a treatment for lung cancer developed in Cuba has entered clinical trials in the United States, it is not a preventative tool, nor has it \u201ccured\u201d thousands of people \u2014 at least yet.",
  "author": "Alex Kasprak",
  "date": "27 July 2017",
  "vclaim_id": "vclaim-sno-cuba-cancer-vaccine",
  "vclaim": "Researchers in Cuba have discovered a cancer vaccine that is already saving thousands of people."
}