{
  "title": "Does Congress Get Paid While Military Personnel Do Not During a Government Shutdown?",
  "subtitle": "Unlike military pay, which is appropriated annually, paychecks for House and Senate members are guaranteed by the U.S. Constitution, even during a shutdown.",
  "author": "David Emery",
  "date": "22 January 2018",
  "vclaim_id": "vclaim-sno-congress-paid-military-not-shutdown",
  "vclaim": "Members of Congress continue to get paid but military personnel do not during a U.S. government shutdown."
}