{
  "title": "Were Enormous Pyramids Just Discovered In Antarctica?",
  "subtitle": "Viral images attempting to sell pyramid-shaped features as evidence of an ancient civilization in Antarctica show nothing but mountains.",
  "author": "Alex Kasprak",
  "date": "24 August 2017",
  "vclaim_id": "vclaim-sno-enormous-pyramids-just-discovered-in-antarctica",
  "vclaim": "Recently discovered satellite photos from Google Earth show that an ancient civilization built pyramids in Antarctica 100 million years ago."
}