{
  "title": "Did Lawyer for Alleged Kenosha Shooter Say He Will Be Known for Starting 2nd Revolutionary War?",
  "subtitle": "Differences between the April 18, 1775, \"shot heard round the world\" and the August 2020 killing of two people at a police brutality protest in Wisconsin are vast.",
  "author": "Jessica Lee",
  "date": "4 September 2020",
  "vclaim_id": "vclaim-sno-rittenhouse-lawyer-kenosha-war",
  "vclaim": "Attorney John Pierce, who is representing 17-year-old Kyle Rittenhouse, said in a tweet his client will \"go down in history\" for starting a second American Revolutionary War."
}