{
  "title": "Is NASCAR Doing Away with Traditions Such as the National Anthem?",
  "subtitle": "In June 2020, NASCAR announced that it was banning the display of the Confederate flag, prompting rumors that other game day traditions were being eliminated, too.",
  "author": "Dan Evon",
  "date": "17 June 2020",
  "vclaim_id": "vclaim-sno-nascar-national-anthem",
  "vclaim": "NASCAR announced in June 2020 that it was doing away with the national anthem, pre-race prayers, and military flyovers."
}