{
  "title": "Did Officials in Georgia Stop a Bus Filled with Black Seniors Going to Vote?",
  "subtitle": "Activists have accused Jefferson County officials of racially-motivated voter suppression, but officials claim they were enforcing a ban on \"political activities\" at a Louisville senior center.",
  "author": "Dan MacGuill",
  "date": "19 October 2018",
  "vclaim_id": "vclaim-sno-georgia-black-voters-bus",
  "vclaim": "On 15 October 2018, Jefferson County officials stopped a bus filled with seniors from a county-run senior center from going to vote."
}