{
  "title": "Was a Small Child Handcuffed at Dulles Airport Due to Entry Restrictions?",
  "subtitle": "A photograph from a separate viral outrage was recaptioned with the claim that it shows a small child in handcuffs at Dulles Airport in January 2017.",
  "author": "Kim LaCapria",
  "date": "1 February 2017",
  "vclaim_id": "vclaim-sno-small-child-handcuffed-at-dulles",
  "vclaim": "A photograph shows a small boy who was handcuffed at Dulles Airport due to temporary immigration restrictions implemented in January 2017."
}