{
  "title": "School Bans U.S. Flag T-Shirts on Cinco de Mayo",
  "subtitle": "Rumor: A federal court upheld a ruling that school officials acted correctly in requiring students to remove clothing featuring U.S. flag designs on Cinco de Mayo.",
  "author": "David Mikkelson",
  "date": "26 February 2014",
  "vclaim_id": "vclaim-sno-school-bans-u-s-flag-t-shirts-cinco-de-mayo",
  "vclaim": "A federal court upheld a ruling that school officials acted correctly in requiring students to remove clothing featuring U.S. flag designs on Cinco de Mayo."
}