{
  "title": "Did the Polio Vaccine Inspire \u2018A Spoonful of Sugar\u2019?",
  "subtitle": "The popular \u201cMary Poppins\u201d song had a real-life story behind it.",
  "author": "Nur Ibrahim",
  "date": "8 December 2020",
  "vclaim_id": "vclaim-sno-spoonful-of-sugar-polio-vaccine",
  "vclaim": "The song \u201cA Spoonful of Sugar,\u201d written for the Disney movie \u201cMary Poppins,\" was inspired by the experience of one of the songwriters' children receiving an oral polio vaccine with a sugar cube."
}