{
  "title": "Did \u2018Total Collapse\u2019 in Wind and Solar Energy Leave Germans in Need of Coal-Fired Power?",
  "subtitle": "The European nation is heralded as a leader in wind and solar energy production.",
  "author": "Madison Dapcevich",
  "date": "19 February 2021",
  "vclaim_id": "vclaim-sno-total-collapse-wind-solar-germany",
  "vclaim": "As cold weather pushed through Germany in February 2021, a \u201ctotal collapse\u201d in wind and solar energy left Germans in need of coal-fired energy."
}