{
  "title": "Did Dems Ask Biden To Relinquish Control of Nuclear Weapons?",
  "subtitle": "The president's critics framed a letter by House Democrats as evidence of bipartisan support to strip him of his executive duties.",
  "author": "Jessica Lee",
  "date": "26 February 2021",
  "vclaim_id": "vclaim-sno-democrats-nuclear-weapons",
  "vclaim": "Because of U.S. President Joe Biden's mental fitness, more than 30 U.S. House Democrats issued a letter on Feb. 22, 2021, asking him to give up his authority as the only American who can launch nuclear weapons."
}