{
  "title": "Does New York Require a Permit to Stargaze in State Parks?",
  "subtitle": "A few websites reported, with a note of outrage, that New York state was charging an annual fee to take in the night sky at six Long Island public parks.",
  "author": "Dan MacGuill",
  "date": "31 January 2020",
  "vclaim_id": "vclaim-sno-new-york-stargazing-permit",
  "vclaim": "As of January 2020, New York state requires members of the public to obtain a stargazing permit for use in certain public parks."
}