{
  "title": "Did Zelensky Say Trump \u2018Did Nothing Wrong\u2019 In Relation to Ukraine?",
  "subtitle": "The U.S. president engaged in some wishful thinking about a major interview his Ukrainian counterpart gave in December 2019.",
  "author": "Dan MacGuill",
  "date": "3 December 2019",
  "vclaim_id": "vclaim-sno-zelensky-trump-nothing-wrong",
  "vclaim": "Ukraine President Volodymyr Zelensky said in December 2019 that U.S. President Donald Trump had \"done nothing wrong\" with regard to Ukraine."
}