{
  "title": "Is Matt Damon Moving to Australia to Escape the Trump Administration?",
  "subtitle": "A series of unconfirmed and anonymous reports about Matt Damon moving to Australia were almost immediately debunked by the actor's representative.",
  "author": "Dan Evon",
  "date": "15 March 2018",
  "vclaim_id": "vclaim-sno-is-matt-damon-moving-to-australia",
  "vclaim": "Matt Damon announced in March 2018 that he was moving his family to \"a safe place\" in Australia because he was fed up with President Donald Trump and his policies."
}