{
  "title": "Melania Trump Copied Statement from Hillary Clinton",
  "subtitle": "A Facebook image falsely suggested that Melania Trump had copied her statement regarding her husband's offensive statements about women from Hillary Clinton.",
  "author": "Dan Evon",
  "date": "10 October 2016",
  "vclaim_id": "vclaim-sno-melania-trump-copied-statement-from-hillary-clinton",
  "vclaim": "Melania Trump had copied her statement regarding her husband's offensive statements about women from Hillary Clinton."
}