{
  "title": "Are McDonald\u2019s Hamburgers 100% Beef?",
  "subtitle": "Rumor holds that McDonald's buys their meat from a company called '100% Beef,' which allows them to legally but deceptively claim they use 100% beef in their hamburgers.",
  "author": "Snopes Staff",
  "date": "24 January 2011",
  "vclaim_id": "vclaim-sno-mcdonalds-100-beef",
  "vclaim": "McDonald's buys their meat from a company called '100% Beef,' which allows them to legally but deceptively claim they use 100% beef in their hamburgers."
}