{
  "title": "Donald Trump Removed \u2018Pro-Life\u2019 from His Policies 12 Hours After Election?",
  "subtitle": "A since-retracted article on the \"Steel Magnificat\" blog claimed that Trump scrubbed every mention of \"pro-life\" from the policy section of his campaign web site 12 hours after the election.",
  "author": "David Emery",
  "date": "10 November 2016",
  "vclaim_id": "vclaim-sno-donald-trump-removed-pro-life-from-his-policies",
  "vclaim": "All mentions of \"pro-life\" were scrubbed from the Donald J. Trump campaign web site 12 hours after he was elected president."
}