{
  "title": "Did Kamala Harris Say Protests Are \u2018Not Gonna Let Up, and They Should Not\u2019?",
  "subtitle": "Comments by the Democratic vice presidential candidate led to claims that she encourages rioting.",
  "author": "Nur Ibrahim",
  "date": "7 October 2020",
  "vclaim_id": "vclaim-sno-kamala-harris-protests",
  "vclaim": "In a June 2020 interview, U.S. Democratic vice presidential candidate Kamala Harris said of the nationwide anti-police brutality protests: \u201cEveryone beware. They're not gonna stop before election day in November, and they're not gonna stop after election day ... They\u2019re not gonna let up, and they should not.\u201d"
}