{
  "title": "Did Netflix Announce They Will Be Removing \u2018Friends\u2019 from Their Streaming Catalog?",
  "subtitle": "The online streaming service caused consternation in December 2018 when they briefly signalled the hit 90's sitcom would no longer be available after 1 January 2019.",
  "author": "Dan MacGuill",
  "date": "4 December 2018",
  "vclaim_id": "vclaim-sno-netflix-friends",
  "vclaim": "Netflix announced that 'Friends' would no longer be available for customers to stream after the end of 2018."
}