{
  "title": "Senator Jeff Flake: Solar Energy Can\u2019t Power Lights at Night?",
  "subtitle": "A comment made by Arizona senator Jeff Flake during a town hall meeting was reproduced without context to make him seem ignorant about the basics of solar power.",
  "author": "Kim LaCapria",
  "date": "17 April 2017",
  "vclaim_id": "vclaim-sno-jeff-flake-solar-energy",
  "vclaim": "At an Arizona town hall event, Sen. Jeff Flake told constituents \"we can't rely on solar power because we can't tell people they will not have lights during the night.\""
}