{
  "title": "Democrat Principal Defecates In Front Of Students During Pledge Of Allegiance?",
  "subtitle": "A distasteful fake news story got a partisan makeover when it was passed from one disreputable web site to another.",
  "author": "Dan Evon",
  "date": "10 October 2017",
  "vclaim_id": "vclaim-sno-democrat-principal-defecates-in-front-of-students-during-pledge-of-allegiance",
  "vclaim": "A principal in Springfield, Ohio, was arrested for defecating on his desk during the Pledge of Allegiance."
}