{
  "title": "Did a Muslim Scholar Advocate \u2018Colonizing\u2019 U.S. and Canada with Sharia Law?",
  "subtitle": "A fabricated quote attributed to Tariq Ramadan has once again gained attention on the internet after the academic was arrested on rape charges.",
  "author": "Bethania Palma",
  "date": "22 February 2018",
  "vclaim_id": "vclaim-sno-muslim-scholar-tariq-ramadan-sharia-law-colonize",
  "vclaim": "Oxford professor of Islamic studies Tariq Ramadan said \"we are here to colonize the U.S. and Canada\" with Sharia law."
}