{
  "title": "Did a Congresswoman Tweet that Trump Wanted War with \u2018North Japan\u2019?",
  "subtitle": "A fake tweet-generator was used to create the appearance that Sheila Jackson Lee had authored a tweet riddled with historical inaccuracies.",
  "author": "Dan Evon",
  "date": "18 January 2018",
  "vclaim_id": "vclaim-sno-shelia-jackson-tweet-president-trump-determined-start-war-north-japan",
  "vclaim": "Rep. Sheila Jackson Lee (D-Tx.) tweeted that President Trump was determined to start a war with 'North Japan'."
}