{
  "title": "Did Mike Lindell\u2019s \u2018Absolute Proof\u2019 Vid on Election Fraud Run with Disclaimer Labeling Content as Opinion?",
  "subtitle": "OANN: \"The statements and claims expressed in this program are presented at this time as opinions only and are not intended to be taken or interpreted by the viewer as established facts.\"",
  "author": "Dan Evon",
  "date": "8 February 2021",
  "vclaim_id": "vclaim-sno-mike-lindells-absolute-proof",
  "vclaim": "OANN published a lengthy disclaimer before the start of My Pillow CEO Mike Lindell's election fraud conspiracy theory video \"Absolute Proof,\" stating that the claims expressed within should be taken as opinions, not facts."
}