{
  "title": "Pat Robertson Says Husbands Must Boycott Sex with Wives Voting Hillary",
  "subtitle": "Former Southern Baptist minister Pat Robertson did not propose that Christian men should boycott sex with wives who are planning to vote for Hillary Clinton.",
  "author": "Kim LaCapria",
  "date": "3 October 2016",
  "vclaim_id": "vclaim-sno-pat-robertson-boycott-hillary",
  "vclaim": "Pat Robertson advised men whose wives are voting for Hillary Clinton to \"boycott sex\" until they changed their minds."
}