{
  "title": "Department of Justice Says Efforts to Stop Voter Fraud Are Illegal?",
  "subtitle": "The DOJ issued a statement saying that voter intimidation is against federal law, not that accusations of voter fraud are illegal.",
  "author": "Bethania Palma",
  "date": "26 October 2016",
  "vclaim_id": "vclaim-sno-department-of-justice-says-efforts-to-stop-voter-fraud-are-illegal",
  "vclaim": "The Department of Justice says that attempting to document or report voter fraud is against federal law."
}