{
  "title": "Is FEMA Hiring \u2018Field Inspectors\u2019 and Paying Them Thousands Per Week?",
  "subtitle": "The Federal Emergency Management Agency confirmed that a flyer advertising high-paid jobs available through 31 August 2017 is real.",
  "author": "Kim LaCapria",
  "date": "30 August 2017",
  "vclaim_id": "vclaim-sno-fema-field-inspectors",
  "vclaim": "After Hurricane Harvey, jobs for \"FEMA field inspectors\" paying between $2,000 and $5,000 were available immediately with few qualifications."
}