{
  "title": "Did Native American Scouts\u2019 Long Hair Provide \u201cAlmost Supernatural\u201d Tracking Abilities During the Vietnam War?",
  "subtitle": "Native American trackers were supposedly recruited by the U.S. military for service during the Vietnam War.",
  "author": "Alex Kasprak",
  "date": "6 December 2016",
  "vclaim_id": "vclaim-sno-native-american-scouts-long-hair-provided-almost-supernatural-tracking-abilities-vietnam-war",
  "vclaim": "The United States military recruited Native Americans as scouts in the Vietnam War and \u2014 in the course of their training \u2014 the military discovered that long hair actually helps give people \u2018almost supernatural\u2019 tracking abilities."
}