{
  "title": "Oliver North Warned of Osama bin Laden in 1987",
  "subtitle": "Did Oliver North warn Congress about Osama bin Laden during the Iran-Contra hearings?",
  "author": "David Mikkelson",
  "date": "",
  "vclaim_id": "vclaim-sno-oliver-north-warned-osama",
  "vclaim": "During the 1987 Iran-Contra hearings, Oliver North warned Congress that Osama bin Laden was \"the most evil person alive\" and that \"an assassin team [should] be formed to eliminate him and his men from the face of the earth.\""
}