{
  "title": "Did Soleimani Command Forces That Killed U.S. Capt. Brian S. Freeman?",
  "subtitle": "Widely shared Facebook posts provided a poignant reflection in the U.S. in the wake of the assassination of the Iranian major general in January 2020.",
  "author": "Dan MacGuill",
  "date": "9 January 2020",
  "vclaim_id": "vclaim-sno-brian-s-freeman-soleimani-iraq",
  "vclaim": "Qassem Soleimani commanded forces that killed five U.S. service members, including Capt. Brian S. Freeman, in an attack in Karbala, Iraq, in January 2007."
}