{
  "title": "\u2018Boy Shot by Stepfather\u2019 Appeal",
  "subtitle": "Old hoax holds that a every time a particular message is shared, a company will donate money towards the medical care of a 14-year-old boy shot by his stepfather.",
  "author": "Snopes Staff",
  "date": "24 February 2010",
  "vclaim_id": "vclaim-sno-boy-shot-stepfather-appeal",
  "vclaim": "Every time a particular message is shared, a company will donate money towards the medical care of a 14-year-old boy who was shot by his stepfather while he was defending his 2-year-old sister from rape."
}