{
  "title": "Papa John\u2019s John Schnatter vs. Little Caesar\u2019s Mike Ilitch",
  "subtitle": "A meme comparing the founders of Papa John's (John Schnatter) and Little Caesar's (Mike Ilitch) pizza chains contains a mixture of facts and factoids.",
  "author": "Kim LaCapria",
  "date": "2 November 2017",
  "vclaim_id": "vclaim-sno-papa-johns-little-caesars-meme",
  "vclaim": "A meme contains accurate information about the founders of Papa John's (John Schnatter) and Little Caesar's (Mike Ilitch) respectively."
}