{
  "title": "Did the 82nd Airborne Division Receive Word They Are Being Deployed to the Border?",
  "subtitle": "A social media rumor held that the vaunted airborne division was being sent to the Mexican border in response to a Central American migrant caravan.",
  "author": "Bethania Palma",
  "date": "24 October 2018",
  "vclaim_id": "vclaim-sno-82nd-airborne-border",
  "vclaim": "The 82nd Airborne received word they are being deployed to the U.S.-Mexico border as a migrant caravan moves through Mexico."
}