{
  "title": "Did Donald Trump Say \u2018Police Officers and Firefighters Make Too Much Money\u2019?",
  "subtitle": "A misleading headline suggested that the president used first responders' salaries to justify increasing their tax burden.",
  "author": "Kim LaCapria",
  "date": "27 December 2017",
  "vclaim_id": "vclaim-sno-police-officers-firefighters-too-much-money",
  "vclaim": "President Trump said police and firefighters make too much money in order to justify eliminating some of their tax deductions."
}